{"age":{"Arsenal":26.6785714286,"Bournemouth":26.875,"Brighton+and+Hove":28.3181818182,"Burnley":27.9444444444,"Chelsea":27.05,"Crystal+Palace":28.0476190476,"Everton":26.2142857143,"Huddersfield":26.0,"Leicester+City":27.25,"Liverpool":24.7777777778,"Manchester+City":27.0,"Manchester+United":25.56,"Newcastle+United":26.4285714286,"Southampton":24.9565217391,"Stoke+City":28.0454545455,"Swansea":27.0,"Tottenham":25.65,"Watford":28.0416666667,"West+Brom":28.2105263158,"West+Ham":27.3636363636},"market_value":{"Arsenal":19.6428571429,"Bournemouth":4.8958333333,"Brighton+and+Hove":2.5227272727,"Burnley":3.9583333333,"Chelsea":27.6775,"Crystal+Palace":7.7261904762,"Everton":10.0982142857,"Huddersfield":1.7910714286,"Leicester+City":8.6458333333,"Liverpool":16.3148148148,"Manchester+City":28.2,"Manchester+United":20.564,"Newcastle+United":5.2023809524,"Southampton":10.0,"Stoke+City":6.8181818182,"Swansea":5.56,"Tottenham":23.0,"Watford":5.1666666667,"West+Brom":5.3289473684,"West+Ham":8.8181818182}}